0,1,2
Australian Grand Prix 2001,Albert Park Grand Prix Circuit,2001-03-04
Malaysian Grand Prix 2001,Sepang International Circuit,2001-03-18
Brazilian Grand Prix 2001,Autódromo José Carlos Pace,2001-04-01
San Marino Grand Prix 2001,Autodromo Enzo e Dino Ferrari,2001-04-15
Spanish Grand Prix 2001,Circuit de Barcelona-Catalunya,2001-04-29
Austrian Grand Prix 2001,A1-Ring,2001-05-13
Monaco Grand Prix 2001,Circuit de Monaco,2001-05-27
Canadian Grand Prix 2001,Circuit Gilles Villeneuve,2001-06-10
European Grand Prix 2001,Nürburgring,2001-06-24
French Grand Prix 2001,Circuit de Nevers Magny-Cours,2001-07-01
British Grand Prix 2001,Silverstone Circuit,2001-07-15
German Grand Prix 2001,Hockenheimring,2001-07-29
Hungarian Grand Prix 2001,Hungaroring,2001-08-19
Belgian Grand Prix 2001,Circuit de Spa-Francorchamps,2001-09-02
Italian Grand Prix 2001,Autodromo Nazionale di Monza,2001-09-16
United States Grand Prix 2001,Indianapolis Motor Speedway,2001-09-30
Japanese Grand Prix 2001,Suzuka Circuit,2001-10-14
Australian Grand Prix 2002,Albert Park Grand Prix Circuit,2002-03-03
Malaysian Grand Prix 2002,Sepang International Circuit,2002-03-17
Brazilian Grand Prix 2002,Autódromo José Carlos Pace,2002-03-31
San Marino Grand Prix 2002,Autodromo Enzo e Dino Ferrari,2002-04-14
Spanish Grand Prix 2002,Circuit de Barcelona-Catalunya,2002-04-28
Austrian Grand Prix 2002,A1-Ring,2002-05-12
Monaco Grand Prix 2002,Circuit de Monaco,2002-05-26
Canadian Grand Prix 2002,Circuit Gilles Villeneuve,2002-06-09
European Grand Prix 2002,Nürburgring,2002-06-23
British Grand Prix 2002,Silverstone Circuit,2002-07-07
French Grand Prix 2002,Circuit de Nevers Magny-Cours,2002-07-21
German Grand Prix 2002,Hockenheimring,2002-07-28
Hungarian Grand Prix 2002,Hungaroring,2002-08-18
Belgian Grand Prix 2002,Circuit de Spa-Francorchamps,2002-09-01
Italian Grand Prix 2002,Autodromo Nazionale di Monza,2002-09-15
United States Grand Prix 2002,Indianapolis Motor Speedway,2002-09-29
Japanese Grand Prix 2002,Suzuka Circuit,2002-10-13
Australian Grand Prix 2003,Albert Park Grand Prix Circuit,2003-03-09
Malaysian Grand Prix 2003,Sepang International Circuit,2003-03-23
Brazilian Grand Prix 2003,Autódromo José Carlos Pace,2003-04-06
San Marino Grand Prix 2003,Autodromo Enzo e Dino Ferrari,2003-04-20
Spanish Grand Prix 2003,Circuit de Barcelona-Catalunya,2003-05-04
Austrian Grand Prix 2003,A1-Ring,2003-05-18
Monaco Grand Prix 2003,Circuit de Monaco,2003-06-01
Canadian Grand Prix 2003,Circuit Gilles Villeneuve,2003-06-15
European Grand Prix 2003,Nürburgring,2003-06-29
French Grand Prix 2003,Circuit de Nevers Magny-Cours,2003-07-06
British Grand Prix 2003,Silverstone Circuit,2003-07-20
German Grand Prix 2003,Hockenheimring,2003-08-03
Hungarian Grand Prix 2003,Hungaroring,2003-08-24
Italian Grand Prix 2003,Autodromo Nazionale di Monza,2003-09-14
United States Grand Prix 2003,Indianapolis Motor Speedway,2003-09-28
Japanese Grand Prix 2003,Suzuka Circuit,2003-10-12
Australian Grand Prix 2004,Albert Park Grand Prix Circuit,2004-03-07
Malaysian Grand Prix 2004,Sepang International Circuit,2004-03-21
Bahrain Grand Prix 2004,Bahrain International Circuit,2004-04-04
San Marino Grand Prix 2004,Autodromo Enzo e Dino Ferrari,2004-04-25
Spanish Grand Prix 2004,Circuit de Barcelona-Catalunya,2004-05-09
Monaco Grand Prix 2004,Circuit de Monaco,2004-05-23
European Grand Prix 2004,Nürburgring,2004-05-30
Canadian Grand Prix 2004,Circuit Gilles Villeneuve,2004-06-13
United States Grand Prix 2004,Indianapolis Motor Speedway,2004-06-20
French Grand Prix 2004,Circuit de Nevers Magny-Cours,2004-07-04
British Grand Prix 2004,Silverstone Circuit,2004-07-11
German Grand Prix 2004,Hockenheimring,2004-07-25
Hungarian Grand Prix 2004,Hungaroring,2004-08-15
Belgian Grand Prix 2004,Circuit de Spa-Francorchamps,2004-08-29
Italian Grand Prix 2004,Autodromo Nazionale di Monza,2004-09-12
Chinese Grand Prix 2004,Shanghai International Circuit,2004-09-26
Japanese Grand Prix 2004,Suzuka Circuit,2004-10-10
Brazilian Grand Prix 2004,Autódromo José Carlos Pace,2004-10-24
Australian Grand Prix 2005,Albert Park Grand Prix Circuit,2005-03-06
Malaysian Grand Prix 2005,Sepang International Circuit,2005-03-20
Bahrain Grand Prix 2005,Bahrain International Circuit,2005-04-03
San Marino Grand Prix 2005,Autodromo Enzo e Dino Ferrari,2005-04-24
Spanish Grand Prix 2005,Circuit de Barcelona-Catalunya,2005-05-08
Monaco Grand Prix 2005,Circuit de Monaco,2005-05-22
European Grand Prix 2005,Nürburgring,2005-05-29
Canadian Grand Prix 2005,Circuit Gilles Villeneuve,2005-06-12
United States Grand Prix 2005,Indianapolis Motor Speedway,2005-06-19
French Grand Prix 2005,Circuit de Nevers Magny-Cours,2005-07-03
British Grand Prix 2005,Silverstone Circuit,2005-07-10
German Grand Prix 2005,Hockenheimring,2005-07-24
Hungarian Grand Prix 2005,Hungaroring,2005-07-31
Turkish Grand Prix 2005,Istanbul Park,2005-08-21
Italian Grand Prix 2005,Autodromo Nazionale di Monza,2005-09-04
Belgian Grand Prix 2005,Circuit de Spa-Francorchamps,2005-09-11
Brazilian Grand Prix 2005,Autódromo José Carlos Pace,2005-09-25
Japanese Grand Prix 2005,Suzuka Circuit,2005-10-09
Chinese Grand Prix 2005,Shanghai International Circuit,2005-10-16
Bahrain Grand Prix 2006,Bahrain International Circuit,2006-03-12
Malaysian Grand Prix 2006,Sepang International Circuit,2006-03-19
Australian Grand Prix 2006,Albert Park Grand Prix Circuit,2006-04-02
San Marino Grand Prix 2006,Autodromo Enzo e Dino Ferrari,2006-04-23
European Grand Prix 2006,Nürburgring,2006-05-07
Spanish Grand Prix 2006,Circuit de Barcelona-Catalunya,2006-05-14
Monaco Grand Prix 2006,Circuit de Monaco,2006-05-28
British Grand Prix 2006,Silverstone Circuit,2006-06-11
Canadian Grand Prix 2006,Circuit Gilles Villeneuve,2006-06-25
United States Grand Prix 2006,Indianapolis Motor Speedway,2006-07-02
French Grand Prix 2006,Circuit de Nevers Magny-Cours,2006-07-16
German Grand Prix 2006,Hockenheimring,2006-07-30
Hungarian Grand Prix 2006,Hungaroring,2006-08-06
Turkish Grand Prix 2006,Istanbul Park,2006-08-27
Italian Grand Prix 2006,Autodromo Nazionale di Monza,2006-09-10
Chinese Grand Prix 2006,Shanghai International Circuit,2006-10-01
Japanese Grand Prix 2006,Suzuka Circuit,2006-10-08
Brazilian Grand Prix 2006,Autódromo José Carlos Pace,2006-10-22
Australian Grand Prix 2007,Albert Park Grand Prix Circuit,2007-03-18
Malaysian Grand Prix 2007,Sepang International Circuit,2007-04-08
Bahrain Grand Prix 2007,Bahrain International Circuit,2007-04-15
Spanish Grand Prix 2007,Circuit de Barcelona-Catalunya,2007-05-13
Monaco Grand Prix 2007,Circuit de Monaco,2007-05-27
Canadian Grand Prix 2007,Circuit Gilles Villeneuve,2007-06-10
United States Grand Prix 2007,Indianapolis Motor Speedway,2007-06-17
French Grand Prix 2007,Circuit de Nevers Magny-Cours,2007-07-01
British Grand Prix 2007,Silverstone Circuit,2007-07-08
European Grand Prix 2007,Nürburgring,2007-07-22
Hungarian Grand Prix 2007,Hungaroring,2007-08-05
Turkish Grand Prix 2007,Istanbul Park,2007-08-26
Italian Grand Prix 2007,Autodromo Nazionale di Monza,2007-09-09
Belgian Grand Prix 2007,Circuit de Spa-Francorchamps,2007-09-16
Japanese Grand Prix 2007,Fuji Speedway,2007-09-30
Chinese Grand Prix 2007,Shanghai International Circuit,2007-10-07
Brazilian Grand Prix 2007,Autódromo José Carlos Pace,2007-10-21
Australian Grand Prix 2008,Albert Park Grand Prix Circuit,2008-03-16
Malaysian Grand Prix 2008,Sepang International Circuit,2008-03-23
Bahrain Grand Prix 2008,Bahrain International Circuit,2008-04-06
Spanish Grand Prix 2008,Circuit de Barcelona-Catalunya,2008-04-27
Turkish Grand Prix 2008,Istanbul Park,2008-05-11
Monaco Grand Prix 2008,Circuit de Monaco,2008-05-25
Canadian Grand Prix 2008,Circuit Gilles Villeneuve,2008-06-08
French Grand Prix 2008,Circuit de Nevers Magny-Cours,2008-06-22
British Grand Prix 2008,Silverstone Circuit,2008-07-06
German Grand Prix 2008,Hockenheimring,2008-07-20
Hungarian Grand Prix 2008,Hungaroring,2008-08-03
European Grand Prix 2008,Valencia Street Circuit,2008-08-24
Belgian Grand Prix 2008,Circuit de Spa-Francorchamps,2008-09-07
Italian Grand Prix 2008,Autodromo Nazionale di Monza,2008-09-14
Singapore Grand Prix 2008,Marina Bay Street Circuit,2008-09-28
Japanese Grand Prix 2008,Fuji Speedway,2008-10-12
Chinese Grand Prix 2008,Shanghai International Circuit,2008-10-19
Brazilian Grand Prix 2008,Autódromo José Carlos Pace,2008-11-02
Australian Grand Prix 2009,Albert Park Grand Prix Circuit,2009-03-29
Malaysian Grand Prix 2009,Sepang International Circuit,2009-04-05
Chinese Grand Prix 2009,Shanghai International Circuit,2009-04-19
Bahrain Grand Prix 2009,Bahrain International Circuit,2009-04-26
Spanish Grand Prix 2009,Circuit de Barcelona-Catalunya,2009-05-10
Monaco Grand Prix 2009,Circuit de Monaco,2009-05-24
Turkish Grand Prix 2009,Istanbul Park,2009-06-07
British Grand Prix 2009,Silverstone Circuit,2009-06-21
German Grand Prix 2009,Nürburgring,2009-07-12
Hungarian Grand Prix 2009,Hungaroring,2009-07-26
European Grand Prix 2009,Valencia Street Circuit,2009-08-23
Belgian Grand Prix 2009,Circuit de Spa-Francorchamps,2009-08-30
Italian Grand Prix 2009,Autodromo Nazionale di Monza,2009-09-13
Singapore Grand Prix 2009,Marina Bay Street Circuit,2009-09-27
Japanese Grand Prix 2009,Suzuka Circuit,2009-10-04
Brazilian Grand Prix 2009,Autódromo José Carlos Pace,2009-10-18
Abu Dhabi Grand Prix 2009,Yas Marina Circuit,2009-11-01
Bahrain Grand Prix 2010,Bahrain International Circuit,2010-03-14
Australian Grand Prix 2010,Albert Park Grand Prix Circuit,2010-03-28
Malaysian Grand Prix 2010,Sepang International Circuit,2010-04-04
Chinese Grand Prix 2010,Shanghai International Circuit,2010-04-18
Spanish Grand Prix 2010,Circuit de Barcelona-Catalunya,2010-05-09
Monaco Grand Prix 2010,Circuit de Monaco,2010-05-16
Turkish Grand Prix 2010,Istanbul Park,2010-05-30
Canadian Grand Prix 2010,Circuit Gilles Villeneuve,2010-06-13
European Grand Prix 2010,Valencia Street Circuit,2010-06-27
British Grand Prix 2010,Silverstone Circuit,2010-07-11
German Grand Prix 2010,Hockenheimring,2010-07-25
Hungarian Grand Prix 2010,Hungaroring,2010-08-01
Belgian Grand Prix 2010,Circuit de Spa-Francorchamps,2010-08-29
Italian Grand Prix 2010,Autodromo Nazionale di Monza,2010-09-12
Singapore Grand Prix 2010,Marina Bay Street Circuit,2010-09-26
Japanese Grand Prix 2010,Suzuka Circuit,2010-10-10
Korean Grand Prix 2010,Korean International Circuit,2010-10-24
Brazilian Grand Prix 2010,Autódromo José Carlos Pace,2010-11-07
Abu Dhabi Grand Prix 2010,Yas Marina Circuit,2010-11-14
Australian Grand Prix 2011,Albert Park Grand Prix Circuit,2011-03-27
Malaysian Grand Prix 2011,Sepang International Circuit,2011-04-10
Chinese Grand Prix 2011,Shanghai International Circuit,2011-04-17
Turkish Grand Prix 2011,Istanbul Park,2011-05-08
Spanish Grand Prix 2011,Circuit de Barcelona-Catalunya,2011-05-22
Monaco Grand Prix 2011,Circuit de Monaco,2011-05-29
Canadian Grand Prix 2011,Circuit Gilles Villeneuve,2011-06-12
European Grand Prix 2011,Valencia Street Circuit,2011-06-26
British Grand Prix 2011,Silverstone Circuit,2011-07-10
German Grand Prix 2011,Nürburgring,2011-07-24
Hungarian Grand Prix 2011,Hungaroring,2011-07-31
Belgian Grand Prix 2011,Circuit de Spa-Francorchamps,2011-08-28
Italian Grand Prix 2011,Autodromo Nazionale di Monza,2011-09-11
Singapore Grand Prix 2011,Marina Bay Street Circuit,2011-09-25
Japanese Grand Prix 2011,Suzuka Circuit,2011-10-09
Korean Grand Prix 2011,Korean International Circuit,2011-10-16
Indian Grand Prix 2011,Buddh International Circuit,2011-10-30
Abu Dhabi Grand Prix 2011,Yas Marina Circuit,2011-11-13
Brazilian Grand Prix 2011,Autódromo José Carlos Pace,2011-11-27
Australian Grand Prix 2012,Albert Park Grand Prix Circuit,2012-03-18
Malaysian Grand Prix 2012,Sepang International Circuit,2012-03-25
Chinese Grand Prix 2012,Shanghai International Circuit,2012-04-15
Bahrain Grand Prix 2012,Bahrain International Circuit,2012-04-22
Spanish Grand Prix 2012,Circuit de Barcelona-Catalunya,2012-05-13
Monaco Grand Prix 2012,Circuit de Monaco,2012-05-27
Canadian Grand Prix 2012,Circuit Gilles Villeneuve,2012-06-10
European Grand Prix 2012,Valencia Street Circuit,2012-06-24
British Grand Prix 2012,Silverstone Circuit,2012-07-08
German Grand Prix 2012,Hockenheimring,2012-07-22
Hungarian Grand Prix 2012,Hungaroring,2012-07-29
Belgian Grand Prix 2012,Circuit de Spa-Francorchamps,2012-09-02
Italian Grand Prix 2012,Autodromo Nazionale di Monza,2012-09-09
Singapore Grand Prix 2012,Marina Bay Street Circuit,2012-09-23
Japanese Grand Prix 2012,Suzuka Circuit,2012-10-07
Korean Grand Prix 2012,Korean International Circuit,2012-10-14
Indian Grand Prix 2012,Buddh International Circuit,2012-10-28
Abu Dhabi Grand Prix 2012,Yas Marina Circuit,2012-11-04
United States Grand Prix 2012,Circuit of the Americas,2012-11-18
Brazilian Grand Prix 2012,Autódromo José Carlos Pace,2012-11-25
Australian Grand Prix 2013,Albert Park Grand Prix Circuit,2013-03-17
Malaysian Grand Prix 2013,Sepang International Circuit,2013-03-24
Chinese Grand Prix 2013,Shanghai International Circuit,2013-04-14
Bahrain Grand Prix 2013,Bahrain International Circuit,2013-04-21
Spanish Grand Prix 2013,Circuit de Barcelona-Catalunya,2013-05-12
Monaco Grand Prix 2013,Circuit de Monaco,2013-05-26
Canadian Grand Prix 2013,Circuit Gilles Villeneuve,2013-06-09
British Grand Prix 2013,Silverstone Circuit,2013-06-30
German Grand Prix 2013,Nürburgring,2013-07-07
Hungarian Grand Prix 2013,Hungaroring,2013-07-28
Belgian Grand Prix 2013,Circuit de Spa-Francorchamps,2013-08-25
Italian Grand Prix 2013,Autodromo Nazionale di Monza,2013-09-08
Singapore Grand Prix 2013,Marina Bay Street Circuit,2013-09-22
Korean Grand Prix 2013,Korean International Circuit,2013-10-06
Japanese Grand Prix 2013,Suzuka Circuit,2013-10-13
Indian Grand Prix 2013,Buddh International Circuit,2013-10-27
Abu Dhabi Grand Prix 2013,Yas Marina Circuit,2013-11-03
United States Grand Prix 2013,Circuit of the Americas,2013-11-17
Brazilian Grand Prix 2013,Autódromo José Carlos Pace,2013-11-24
Australian Grand Prix 2014,Albert Park Grand Prix Circuit,2014-03-16
Malaysian Grand Prix 2014,Sepang International Circuit,2014-03-30
Bahrain Grand Prix 2014,Bahrain International Circuit,2014-04-06
Chinese Grand Prix 2014,Shanghai International Circuit,2014-04-20
Spanish Grand Prix 2014,Circuit de Barcelona-Catalunya,2014-05-11
Monaco Grand Prix 2014,Circuit de Monaco,2014-05-25
Canadian Grand Prix 2014,Circuit Gilles Villeneuve,2014-06-08
Austrian Grand Prix 2014,Red Bull Ring,2014-06-22
British Grand Prix 2014,Silverstone Circuit,2014-07-06
German Grand Prix 2014,Hockenheimring,2014-07-20
Hungarian Grand Prix 2014,Hungaroring,2014-07-27
Belgian Grand Prix 2014,Circuit de Spa-Francorchamps,2014-08-24
Italian Grand Prix 2014,Autodromo Nazionale di Monza,2014-09-07
Singapore Grand Prix 2014,Marina Bay Street Circuit,2014-09-21
Japanese Grand Prix 2014,Suzuka Circuit,2014-10-05
Russian Grand Prix 2014,Sochi Autodrom,2014-10-12
United States Grand Prix 2014,Circuit of the Americas,2014-11-02
Brazilian Grand Prix 2014,Autódromo José Carlos Pace,2014-11-09
Abu Dhabi Grand Prix 2014,Yas Marina Circuit,2014-11-23
Australian Grand Prix 2015,Albert Park Grand Prix Circuit,2015-03-15
Malaysian Grand Prix 2015,Sepang International Circuit,2015-03-29
Chinese Grand Prix 2015,Shanghai International Circuit,2015-04-12
Bahrain Grand Prix 2015,Bahrain International Circuit,2015-04-19
Spanish Grand Prix 2015,Circuit de Barcelona-Catalunya,2015-05-10
Monaco Grand Prix 2015,Circuit de Monaco,2015-05-24
Canadian Grand Prix 2015,Circuit Gilles Villeneuve,2015-06-07
Austrian Grand Prix 2015,Red Bull Ring,2015-06-21
British Grand Prix 2015,Silverstone Circuit,2015-07-05
Hungarian Grand Prix 2015,Hungaroring,2015-07-26
Belgian Grand Prix 2015,Circuit de Spa-Francorchamps,2015-08-23
Italian Grand Prix 2015,Autodromo Nazionale di Monza,2015-09-06
Singapore Grand Prix 2015,Marina Bay Street Circuit,2015-09-20
Japanese Grand Prix 2015,Suzuka Circuit,2015-09-27
Russian Grand Prix 2015,Sochi Autodrom,2015-10-11
United States Grand Prix 2015,Circuit of the Americas,2015-10-25
Mexican Grand Prix 2015,Autódromo Hermanos Rodríguez,2015-11-01
Brazilian Grand Prix 2015,Autódromo José Carlos Pace,2015-11-15
Abu Dhabi Grand Prix 2015,Yas Marina Circuit,2015-11-29
Australian Grand Prix 2016,Albert Park Grand Prix Circuit,2016-03-20
Bahrain Grand Prix 2016,Bahrain International Circuit,2016-04-03
Chinese Grand Prix 2016,Shanghai International Circuit,2016-04-17
Russian Grand Prix 2016,Sochi Autodrom,2016-05-01
Spanish Grand Prix 2016,Circuit de Barcelona-Catalunya,2016-05-15
Monaco Grand Prix 2016,Circuit de Monaco,2016-05-29
Canadian Grand Prix 2016,Circuit Gilles Villeneuve,2016-06-12
European Grand Prix 2016,Baku City Circuit,2016-06-19
Austrian Grand Prix 2016,Red Bull Ring,2016-07-03
British Grand Prix 2016,Silverstone Circuit,2016-07-10
Hungarian Grand Prix 2016,Hungaroring,2016-07-24
German Grand Prix 2016,Hockenheimring,2016-07-31
Belgian Grand Prix 2016,Circuit de Spa-Francorchamps,2016-08-28
Italian Grand Prix 2016,Autodromo Nazionale di Monza,2016-09-04
Singapore Grand Prix 2016,Marina Bay Street Circuit,2016-09-18
Malaysian Grand Prix 2016,Sepang International Circuit,2016-10-02
Japanese Grand Prix 2016,Suzuka Circuit,2016-10-09
United States Grand Prix 2016,Circuit of the Americas,2016-10-23
Mexican Grand Prix 2016,Autódromo Hermanos Rodríguez,2016-10-30
Brazilian Grand Prix 2016,Autódromo José Carlos Pace,2016-11-13
Abu Dhabi Grand Prix 2016,Yas Marina Circuit,2016-11-27
Australian Grand Prix 2017,Albert Park Grand Prix Circuit,2017-03-26
Chinese Grand Prix 2017,Shanghai International Circuit,2017-04-09
Bahrain Grand Prix 2017,Bahrain International Circuit,2017-04-16
Russian Grand Prix 2017,Sochi Autodrom,2017-04-30
Spanish Grand Prix 2017,Circuit de Barcelona-Catalunya,2017-05-14
Monaco Grand Prix 2017,Circuit de Monaco,2017-05-28
Canadian Grand Prix 2017,Circuit Gilles Villeneuve,2017-06-11
Azerbaijan Grand Prix 2017,Baku City Circuit,2017-06-25
Austrian Grand Prix 2017,Red Bull Ring,2017-07-09
British Grand Prix 2017,Silverstone Circuit,2017-07-16
Hungarian Grand Prix 2017,Hungaroring,2017-07-30
Belgian Grand Prix 2017,Circuit de Spa-Francorchamps,2017-08-27
Italian Grand Prix 2017,Autodromo Nazionale di Monza,2017-09-03
Singapore Grand Prix 2017,Marina Bay Street Circuit,2017-09-17
Malaysian Grand Prix 2017,Sepang International Circuit,2017-10-01
Japanese Grand Prix 2017,Suzuka Circuit,2017-10-08
United States Grand Prix 2017,Circuit of the Americas,2017-10-22
Mexican Grand Prix 2017,Autódromo Hermanos Rodríguez,2017-10-29
Brazilian Grand Prix 2017,Autódromo José Carlos Pace,2017-11-12
Abu Dhabi Grand Prix 2017,Yas Marina Circuit,2017-11-26
Australian Grand Prix 2018,Albert Park Grand Prix Circuit,2018-03-25
Bahrain Grand Prix 2018,Bahrain International Circuit,2018-04-08
Chinese Grand Prix 2018,Shanghai International Circuit,2018-04-15
Azerbaijan Grand Prix 2018,Baku City Circuit,2018-04-29
Spanish Grand Prix 2018,Circuit de Barcelona-Catalunya,2018-05-13
Monaco Grand Prix 2018,Circuit de Monaco,2018-05-27
Canadian Grand Prix 2018,Circuit Gilles Villeneuve,2018-06-10
French Grand Prix 2018,Circuit Paul Ricard,2018-06-24
Austrian Grand Prix 2018,Red Bull Ring,2018-07-01
British Grand Prix 2018,Silverstone Circuit,2018-07-08
German Grand Prix 2018,Hockenheimring,2018-07-22
Hungarian Grand Prix 2018,Hungaroring,2018-07-29
Belgian Grand Prix 2018,Circuit de Spa-Francorchamps,2018-08-26
Italian Grand Prix 2018,Autodromo Nazionale di Monza,2018-09-02
Singapore Grand Prix 2018,Marina Bay Street Circuit,2018-09-16
Russian Grand Prix 2018,Sochi Autodrom,2018-09-30
Japanese Grand Prix 2018,Suzuka Circuit,2018-10-07
United States Grand Prix 2018,Circuit of the Americas,2018-10-21
Mexican Grand Prix 2018,Autódromo Hermanos Rodríguez,2018-10-28
Brazilian Grand Prix 2018,Autódromo José Carlos Pace,2018-11-11
Abu Dhabi Grand Prix 2018,Yas Marina Circuit,2018-11-25
Australian Grand Prix 2019,Albert Park Grand Prix Circuit,2019-03-17
Bahrain Grand Prix 2019,Bahrain International Circuit,2019-03-31
Chinese Grand Prix 2019,Shanghai International Circuit,2019-04-14
Azerbaijan Grand Prix 2019,Baku City Circuit,2019-04-28
Spanish Grand Prix 2019,Circuit de Barcelona-Catalunya,2019-05-12
Monaco Grand Prix 2019,Circuit de Monaco,2019-05-26
Canadian Grand Prix 2019,Circuit Gilles Villeneuve,2019-06-09
French Grand Prix 2019,Circuit Paul Ricard,2019-06-23
Austrian Grand Prix 2019,Red Bull Ring,2019-06-30
British Grand Prix 2019,Silverstone Circuit,2019-07-14
German Grand Prix 2019,Hockenheimring,2019-07-28
Hungarian Grand Prix 2019,Hungaroring,2019-08-04
Belgian Grand Prix 2019,Circuit de Spa-Francorchamps,2019-09-01
Italian Grand Prix 2019,Autodromo Nazionale di Monza,2019-09-08
Singapore Grand Prix 2019,Marina Bay Street Circuit,2019-09-22
Russian Grand Prix 2019,Sochi Autodrom,2019-09-29
Japanese Grand Prix 2019,Suzuka Circuit,2019-10-13
Mexican Grand Prix 2019,Autódromo Hermanos Rodríguez,2019-10-27
United States Grand Prix 2019,Circuit of the Americas,2019-11-03
Brazilian Grand Prix 2019,Autódromo José Carlos Pace,2019-11-17
Abu Dhabi Grand Prix 2019,Yas Marina Circuit,2019-12-01
Austrian Grand Prix 2020,Red Bull Ring,2020-07-05
Styrian Grand Prix 2020,Red Bull Ring,2020-07-12
Hungarian Grand Prix 2020,Hungaroring,2020-07-19
British Grand Prix 2020,Silverstone Circuit,2020-08-02
70th Anniversary Grand Prix 2020,Silverstone Circuit,2020-08-09
Spanish Grand Prix 2020,Circuit de Barcelona-Catalunya,2020-08-16
Belgian Grand Prix 2020,Circuit de Spa-Francorchamps,2020-08-30
Italian Grand Prix 2020,Autodromo Nazionale di Monza,2020-09-06
Tuscan Grand Prix 2020,Autodromo Internazionale del Mugello,2020-09-13
Russian Grand Prix 2020,Sochi Autodrom,2020-09-27
Eifel Grand Prix 2020,Nürburgring,2020-10-11
Portuguese Grand Prix 2020,Autódromo Internacional do Algarve,2020-10-25
Emilia Romagna Grand Prix 2020,Autodromo Enzo e Dino Ferrari,2020-11-01
Turkish Grand Prix 2020,Istanbul Park,2020-11-15
Bahrain Grand Prix 2020,Bahrain International Circuit,2020-11-29
Sakhir Grand Prix 2020,Bahrain International Circuit,2020-12-06
Abu Dhabi Grand Prix 2020,Yas Marina Circuit,2020-12-13
Bahrain Grand Prix 2021,Bahrain International Circuit,2021-03-28
Emilia Romagna Grand Prix 2021,Autodromo Enzo e Dino Ferrari,2021-04-18
Portuguese Grand Prix 2021,Autódromo Internacional do Algarve,2021-05-02
Spanish Grand Prix 2021,Circuit de Barcelona-Catalunya,2021-05-09
Monaco Grand Prix 2021,Circuit de Monaco,2021-05-23
Azerbaijan Grand Prix 2021,Baku City Circuit,2021-06-06
French Grand Prix 2021,Circuit Paul Ricard,2021-06-20
Styrian Grand Prix 2021,Red Bull Ring,2021-06-27
Austrian Grand Prix 2021,Red Bull Ring,2021-07-04
British Grand Prix 2021,Silverstone Circuit,2021-07-18
Hungarian Grand Prix 2021,Hungaroring,2021-08-01
Belgian Grand Prix 2021,Circuit de Spa-Francorchamps,2021-08-29
Dutch Grand Prix 2021,Circuit Park Zandvoort,2021-09-05
Italian Grand Prix 2021,Autodromo Nazionale di Monza,2021-09-12
Russian Grand Prix 2021,Sochi Autodrom,2021-09-26
Turkish Grand Prix 2021,Istanbul Park,2021-10-10
United States Grand Prix 2021,Circuit of the Americas,2021-10-24
Mexico City Grand Prix 2021,Autódromo Hermanos Rodríguez,2021-11-07
São Paulo Grand Prix 2021,Autódromo José Carlos Pace,2021-11-14
Qatar Grand Prix 2021,Losail International Circuit,2021-11-21
Saudi Arabian Grand Prix 2021,Jeddah Corniche Circuit,2021-12-05
Abu Dhabi Grand Prix 2021,Yas Marina Circuit,2021-12-12
